Code établissement;Appellation officielle;Dénomination principale;Patronyme uai;Secteur Public/Privé;Adresse;Lieu dit;Boite postale;Code postal;Localite d'acheminement;Commune;Coordonnee X;Coordonnee Y;EPSG;Latitude;Longitude;Qualité d'appariement;Localisation;Code nature;Nature;Code état établissement;Etat établissement;Code département;Code région;Code académie;Code commune;Département;Région;Académie;Position;secteur_prive_code_type_contrat;secteur_prive_libelle_type_contrat;code_ministere;libelle_ministere;date_ouverture
0350017D;Collège du Querpon;COLLEGE;DU QUERPON;Public;Route DE CAMPEL;Maure-de-Bretagne;;35330;VAL D ANAST;Val d'Anast;327366.8;6766352.2;EPSG:2154;47.89156984600312;-1.9895683290916766;Correcte;Rue;340;COLLEGE;1;OUVERT;035;53;14;35168;Ille-et-Vilaine;Bretagne;Rennes;47.89156984600312, -1.9895683290916766;99;SANS OBJET;06;MINISTERE DE L'EDUCATION NATIONALE;1965-05-01
0350707D;Collège François René de Chateaubriand;COLLEGE;FRANCOIS RENE DE CHATEAUBRIAND;Public;12 avenue DES ACACIAS;;56;35270;COMBOURG;Combourg;349354.0;6823304.9;EPSG:2154;48.41525130917533;-1.7416202300524102;Parfaite;Numéro de rue;340;COLLEGE;1;OUVERT;035;53;14;35085;Ille-et-Vilaine;Bretagne;Rennes;48.41525130917533, -1.7416202300524102;99;SANS OBJET;06;MINISTERE DE L'EDUCATION NATIONALE;1966-11-08
0350759K;Collège Echange;COLLEGE;ECHANGE;Public;30 rue DE DINAN;;90223;35102;RENNES CEDEX 3;Rennes;351679.8;6789833.8;EPSG:2154;48.115879734200085;-1.6834300763512902;Parfaite;Numéro de rue;340;COLLEGE;1;OUVERT;035;53;14;35238;Ille-et-Vilaine;Bretagne;Rennes;48.115879734200085, -1.6834300763512902;99;SANS OBJET;06;MINISTERE DE L'EDUCATION NATIONALE;1968-04-01
0350849H;Collège privé La Salle Saint Joseph;COLLEGE PRIVE;LA SALLE ST JOSEPH;Privé;54 rue ALAIN D'ARGENTRE;;;35370;ARGENTRE DU PLESSIS;Argentré-du-Plessis;391254.8;6781064.1;EPSG:2154;48.056987957233;-1.1461697991988964;Parfaite;Numéro de rue;340;COLLEGE;1;OUVERT;035;53;14;35006;Ille-et-Vilaine;Bretagne;Rennes;48.056987957233, -1.1461697991988964;30;CONTRAT D'ASSOCIATION TOUTES CLASSES;06;MINISTERE DE L'EDUCATION NATIONALE;1968-03-28
0350852L;Collège privé Saint Joseph;COLLEGE PRIVE;ST JOSEPH;Privé;3 avenue ALPHONSE LEGAULT;;;35171;BRUZ CEDEX;Bruz;346453.4;6780051.7;EPSG:2154;48.02520405429156;-1.745639588615377;Parfaite;Numéro de rue;340;COLLEGE;1;OUVERT;035;53;14;35047;Ille-et-Vilaine;Bretagne;Rennes;48.02520405429156, -1.745639588615377;30;CONTRAT D'ASSOCIATION TOUTES CLASSES;06;MINISTERE DE L'EDUCATION NATIONALE;1976-09-10
0350855P;Collège privé Sainte Croix;COLLEGE PRIVE;STE CROIX;Privé;3  RUE DU PRIEURE;;26;35410;CHATEAUGIRON;Châteaugiron;364863.9;6781274.7;EPSG:2154;48.04588466664549;-1.500000075305421;Parfaite;Numéro de rue;340;COLLEGE;1;OUVERT;035;53;14;35069;Ille-et-Vilaine;Bretagne;Rennes;48.04588466664549, -1.500000075305421;30;CONTRAT D'ASSOCIATION TOUTES CLASSES;06;MINISTERE DE L'EDUCATION NATIONALE;1968-03-28
0350857S;Collège privé Saint Gilduin;COLLEGE PRIVE;ST GILDUIN;Privé;1 SQUARE EMILE BOHUON;;37;35270;COMBOURG;Combourg;348268.6;6822945.7;EPSG:2154;48.41143869982861;-1.7559699577360324;Parfaite;Numéro de rue;340;COLLEGE;1;OUVERT;035;53;14;35085;Ille-et-Vilaine;Bretagne;Rennes;48.41143869982861, -1.7559699577360324;30;CONTRAT D'ASSOCIATION TOUTES CLASSES;06;MINISTERE DE L'EDUCATION NATIONALE;1968-03-28
0350867C;Collège privé Saint Michel;COLLEGE PRIVE;ST MICHEL;Privé;15 rue des Ecoles;;;35340;LIFFRE;Liffré;365334.4;6799771.8;EPSG:2154;48.21229867442835;-1.5078597967670593;Parfaite;Numéro de rue;340;COLLEGE;1;OUVERT;035;53;14;35152;Ille-et-Vilaine;Bretagne;Rennes;48.21229867442835, -1.5078597967670593;30;CONTRAT D'ASSOCIATION TOUTES CLASSES;06;MINISTERE DE L'EDUCATION NATIONALE;1968-03-28
0350869E;Collège privé Sainte Marie;COLLEGE PRIVE;STE MARIE;Privé;44 rue DE GUER;;31;35330;VAL D ANAST;Val d'Anast;327109.0;6766622.2;EPSG:2154;47.89384834919044;-1.9932393980803262;Parfaite;Numéro de rue;340;COLLEGE;1;OUVERT;035;53;14;35168;Ille-et-Vilaine;Bretagne;Rennes;47.89384834919044, -1.9932393980803262;30;CONTRAT D'ASSOCIATION TOUTES CLASSES;06;MINISTERE DE L'EDUCATION NATIONALE;1968-03-28
0350882U;Collège privé Sainte Anne;COLLEGE PRIVE;STE ANNE;Privé;1 rue de la Bouëxière;;;35140;ST AUBIN DU CORMIER;Saint-Aubin-du-Cormier;373770.0;6804212.0;EPSG:2154;48.25646468084622;-1.3977996740691996;Parfaite;Numéro de rue;340;COLLEGE;1;OUVERT;035;53;14;35253;Ille-et-Vilaine;Bretagne;Rennes;48.25646468084622, -1.3977996740691996;30;CONTRAT D'ASSOCIATION TOUTES CLASSES;06;MINISTERE DE L'EDUCATION NATIONALE;1968-03-28
0350913C;Collège Clotilde Vautier;COLLEGE;CLOTILDE VAUTIER;Public;8 bis rue DE LA MOTTE BRULON;;80439;35704;RENNES CEDEX 7;Rennes;352899.4;6790916.7;EPSG:2154;48.126256483139166;-1.6679296130380918;Parfaite;Numéro de rue;340;COLLEGE;1;OUVERT;035;53;14;35238;Ille-et-Vilaine;Bretagne;Rennes;48.126256483139166, -1.6679296130380918;99;SANS OBJET;06;MINISTERE DE L'EDUCATION NATIONALE;1969-03-18
0350967L;Collège Mahatma Gandhi;COLLEGE;MAHATMA GANDHI;Public;17 rue DE ST LO;;;35300;FOUGERES;Fougères;390533.9;6815665.8;EPSG:2154;48.367553590717336;-1.1804104642000366;Parfaite;Numéro de rue;340;COLLEGE;1;OUVERT;035;53;14;35115;Ille-et-Vilaine;Bretagne;Rennes;48.367553590717336, -1.1804104642000366;99;SANS OBJET;06;MINISTERE DE L'EDUCATION NATIONALE;1970-03-12
0351881E;Collège Noël du Fail;COLLEGE;NOEL DU FAIL;Public;3 avenue du Général de Gaulle;;78023;35580;GUICHEN;Guichen;341594.1;6773597.2;EPSG:2154;47.96458223625511;-1.805439663732377;Parfaite;Numéro de rue;340;COLLEGE;1;OUVERT;035;53;14;35126;Ille-et-Vilaine;Bretagne;Rennes;47.96458223625511, -1.805439663732377;99;SANS OBJET;06;MINISTERE DE L'EDUCATION NATIONALE;1975-09-12
0351906G;Collège Bourgchevreuil;COLLEGE;BOURGCHEVREUIL;Public;1 boulevard DES METAIRIES;;81332;35513;CESSON SEVIGNE CEDEX;Cesson-Sévigné;357862.5;6789873.5;EPSG:2154;48.11950506421491;-1.6005197238771154;Parfaite;Numéro de rue;340;COLLEGE;1;OUVERT;035;53;14;35051;Ille-et-Vilaine;Bretagne;Rennes;48.11950506421491, -1.6005197238771154;99;SANS OBJET;06;MINISTERE DE L'EDUCATION NATIONALE;1976-02-20
0351969A;Collège Beaumont;COLLEGE;BEAUMONT;Public;10 rue du Lycée;;90503;35605;REDON CEDEX;Redon;318078.1;6740612.0;EPSG:2154;47.655038727216535;-2.0914100162756046;Parfaite;Numéro de rue;340;COLLEGE;1;OUVERT;035;53;14;35236;Ille-et-Vilaine;Bretagne;Rennes;47.655038727216535, -2.0914100162756046;99;SANS OBJET;06;MINISTERE DE L'EDUCATION NATIONALE;1977-03-24
0352274G;Collège Françoise Dolto;COLLEGE;FRANCOISE DOLTO;Public;53 avenue LE BRIX;;54232;35742;PACE CEDEX;Pacé;345401.9;6794309.2;EPSG:2154;48.15269869519049;-1.7712695048918636;Correcte;Numéro de rue;340;COLLEGE;1;OUVERT;035;53;14;35210;Ille-et-Vilaine;Bretagne;Rennes;48.15269869519049, -1.7712695048918636;99;SANS OBJET;06;MINISTERE DE L'EDUCATION NATIONALE;1991-09-01
0352319F;Collège privé Saint Gabriel;COLLEGE PRIVE;ST GABRIEL;Privé;59 avenue LE BRIX;;14237;35742;PACE CEDEX;Pacé;345330.5;6794398.1;EPSG:2154;48.15345837379055;-1.7723000917146485;Parfaite;Numéro de rue;340;COLLEGE;1;OUVERT;035;53;14;35210;Ille-et-Vilaine;Bretagne;Rennes;48.15345837379055, -1.7723000917146485;30;CONTRAT D'ASSOCIATION TOUTES CLASSES;06;MINISTERE DE L'EDUCATION NATIONALE;1991-09-01
0352448W;Collège Pierre-Olivier Malherbe;COLLEGE;PIERRE-OLIVIER MALHERBE;Public;7 avenue DES GENETS;;62153;35221;CHATEAUBOURG CEDEX;Châteaubourg;373737.3;6788425.5;EPSG:2154;48.114621032000635;-1.3864298551830252;Parfaite;Numéro de rue;340;COLLEGE;1;OUVERT;035;53;14;35068;Ille-et-Vilaine;Bretagne;Rennes;48.114621032000635, -1.3864298551830252;99;SANS OBJET;06;MINISTERE DE L'EDUCATION NATIONALE;1996-09-01
0352589Z;collège Jean Moulin;COLLEGE;JEAN MOULIN;Public;PLACE LEOPOLD SEDAR SENGHOR;;49219;35136;ST JACQUES DE LA LANDE;Saint-Jacques-de-la-Lande;349118.8;6785626.1;EPSG:2154;48.076712992313155;-1.7144093290210372;Parfaite;Rue;340;COLLEGE;1;OUVERT;035;53;14;35281;Ille-et-Vilaine;Bretagne;Rennes;48.076712992313155, -1.7144093290210372;99;SANS OBJET;06;MINISTERE DE L'EDUCATION NATIONALE;2002-09-01
0353006C;Collège privé Léontine-Dolivet;COLLEGE PRIVE;LEONTINE-DOLIVET;Privé;99 rue de la Chalotais;;;35577;CESSON SEVIGNE CEDEX;Cesson-Sévigné;358166.7;6790980.0;EPSG:2154;48.12960422275401;-1.5973038324695294;Correcte;Numéro de rue;340;COLLEGE;1;OUVERT;035;53;14;35051;Ille-et-Vilaine;Bretagne;Rennes;48.12960422275401, -1.5973038324695294;30;CONTRAT D'ASSOCIATION TOUTES CLASSES;06;MINISTERE DE L'EDUCATION NATIONALE;2021-09-01
0353069W;Collège privé hors-contrat Notre-Dame Auxiliatrice;COLLEGE PRIVE HORS-CONTRAT;NOTRE-DAME AUXILIATRICE;Privé;Lieu-dit La Vallée;;;35830;BETTON;Betton;354372.3;6795372.4;EPSG:2154;48.16706184180708;-1.651693326045307;Mauvaise;Ville;340;COLLEGE;1;OUVERT;035;53;14;35024;Ille-et-Vilaine;Bretagne;Rennes;48.16706184180708, -1.651693326045307;10;HORS CONTRAT;06;MINISTERE DE L'EDUCATION NATIONALE;2022-08-23
0350051R;Collège Théophile Briant;COLLEGE;THEOPHILE BRIANT;Public;21 avenue DES TRENTE;;10;35190;TINTENIAC;Tinténiac;341237.4;6813956.4;EPSG:2154;48.32687020207564;-1.8433604919320494;Parfaite;Numéro de rue;340;COLLEGE;1;OUVERT;035;53;14;35337;Ille-et-Vilaine;Bretagne;Rennes;48.32687020207564, -1.8433604919320494;99;SANS OBJET;06;MINISTERE DE L'EDUCATION NATIONALE;1965-05-01
0350734H;Collège Les Chalais;COLLEGE;LES CHALAIS;Public;25 avenue DU CANADA;;90124;35201;RENNES CEDEX 2;Rennes;351744.9;6786396.0;EPSG:2154;48.0850336808838;-1.6798204949066526;Correcte;Numéro de rue;340;COLLEGE;1;OUVERT;035;53;14;35238;Ille-et-Vilaine;Bretagne;Rennes;48.0850336808838, -1.6798204949066526;99;SANS OBJET;06;MINISTERE DE L'EDUCATION NATIONALE;1967-10-13
0350785N;Collège privé Moka Sainte Famille;COLLEGE PRIVE;MOKA STE FAMILLE;Privé;4 avenue Aristide Briand;;6;35401;ST MALO CEDEX;Saint-Malo;331657.2;6850330.7;EPSG:2154;48.64808729964592;-2.0034300880667995;Parfaite;Numéro de rue;340;COLLEGE;1;OUVERT;035;53;14;35288;Ille-et-Vilaine;Bretagne;Rennes;48.64808729964592, -2.0034300880667995;30;CONTRAT D'ASSOCIATION TOUTES CLASSES;06;MINISTERE DE L'EDUCATION NATIONALE;1968-03-12
0350864Z;Collège privé Saint Joseph;COLLEGE PRIVE;ST JOSEPH;Privé;15 rue des Forgets;;;35580;GUIGNEN;Guignen;337241.7;6769003.8;EPSG:2154;47.92092593167297;-1.859863638679564;Correcte;Rue;340;COLLEGE;1;OUVERT;035;53;14;35127;Ille-et-Vilaine;Bretagne;Rennes;47.92092593167297, -1.859863638679564;30;CONTRAT D'ASSOCIATION TOUTES CLASSES;06;MINISTERE DE L'EDUCATION NATIONALE;1968-03-28
0350868D;Collège privé Saint Joseph;COLLEGE PRIVE;ST JOSEPH;Privé;24 rue COURBE;;;35640;MARTIGNE FERCHAUD;Martigné-Ferchaud;377271.6;6756673.3;EPSG:2154;47.831060407371446;-1.3157002102063906;Parfaite;Numéro de rue;340;COLLEGE;1;OUVERT;035;53;14;35167;Ille-et-Vilaine;Bretagne;Rennes;47.831060407371446, -1.3157002102063906;30;CONTRAT D'ASSOCIATION TOUTES CLASSES;06;MINISTERE DE L'EDUCATION NATIONALE;1968-03-28
0350889B;Collège privé Sacré-Coeur;COLLEGE PRIVE;SACRE COEUR;Privé;16 rue JEANNE JUGAN;;6;35403;ST MALO CEDEX;Saint-Malo;330430.4;6848765.3;EPSG:2154;48.63333521927198;-2.0187000311734407;Parfaite;Numéro de rue;340;COLLEGE;1;OUVERT;035;53;14;35288;Ille-et-Vilaine;Bretagne;Rennes;48.63333521927198, -2.0187000311734407;30;CONTRAT D'ASSOCIATION TOUTES CLASSES;06;MINISTERE DE L'EDUCATION NATIONALE;1968-03-28
0350892E;Collège privé Ste Jeanne d'Arc;COLLEGE PRIVE;STE JEANNE D'ARC;Privé;13 place de la République;;90326;35503;VITRE CEDEX;Vitré;387009.2;6788898.4;EPSG:2154;48.12536666628524;-1.2086795712271705;Parfaite;Numéro de rue;340;COLLEGE;1;OUVERT;035;53;14;35360;Ille-et-Vilaine;Bretagne;Rennes;48.12536666628524, -1.2086795712271705;30;CONTRAT D'ASSOCIATION TOUTES CLASSES;06;MINISTERE DE L'EDUCATION NATIONALE;1969-09-15
0351053E;Collège Jean Monnet;COLLEGE;JEAN MONNET;Public;2 rue ARMAND JOUAULT;;;35150;JANZE;Janzé;364400.0;6771898.0;EPSG:2154;47.9614021425062;-1.4990496544832856;Parfaite;Numéro de rue;340;COLLEGE;1;OUVERT;035;53;14;35136;Ille-et-Vilaine;Bretagne;Rennes;47.9614021425062, -1.4990496544832856;99;SANS OBJET;06;MINISTERE DE L'EDUCATION NATIONALE;1971-02-05
0351790F;Collège Martin Luther King;COLLEGE;MARTIN LUTHER KING;Public;50 avenue François Mitterrand;;108;35340;LIFFRE;Liffré;365592.2;6799557.0;EPSG:2154;48.21050138381782;-1.5042299651820377;Parfaite;Numéro de rue;340;COLLEGE;1;OUVERT;035;53;14;35152;Ille-et-Vilaine;Bretagne;Rennes;48.21050138381782, -1.5042299651820377;99;SANS OBJET;06;MINISTERE DE L'EDUCATION NATIONALE;1973-03-19
0351791G;Collège Louis Guilloux;COLLEGE;LOUIS GUILLOUX;Public;Boulevard Pasteur;;86237;35162;MONTFORT SUR MEU CEDEX;Montfort-sur-Meu;331123.5;6793816.2;EPSG:2154;48.14035705261184;-1.9624793856846217;Parfaite;Numéro de rue;340;COLLEGE;1;OUVERT;035;53;14;35188;Ille-et-Vilaine;Bretagne;Rennes;48.14035705261184, -1.9624793856846217;99;SANS OBJET;06;MINISTERE DE L'EDUCATION NATIONALE;1973-03-19
0351795L;Collège Le Bocage;COLLEGE;LE BOCAGE;Public;27 rue GOUYON MATIGNON;;90252;35802;DINARD CEDEX;Dinard;326983.1;6847791.9;EPSG:2154;48.62261884993951;-2.0645394766191294;Parfaite;Numéro de rue;340;COLLEGE;1;OUVERT;035;53;14;35093;Ille-et-Vilaine;Bretagne;Rennes;48.62261884993951, -2.0645394766191294;99;SANS OBJET;06;MINISTERE DE L'EDUCATION NATIONALE;1973-03-20
0352167R;Collège Jacques Brel;COLLEGE;JACQUES BREL;Public;Rue ALAIN FOURNIER;;93302;35533;NOYAL SUR VILAINE CEDEX;Noyal-sur-Vilaine;362791.8;6788882.1;EPSG:2154;48.113162991179934;-1.5336204631426247;Parfaite;Numéro de rue;340;COLLEGE;1;OUVERT;035;53;14;35207;Ille-et-Vilaine;Bretagne;Rennes;48.113162991179934, -1.5336204631426247;99;SANS OBJET;06;MINISTERE DE L'EDUCATION NATIONALE;1984-09-01
0352260S;Collège François Truffaut;COLLEGE;FRANCOIS TRUFFAUT;Public;Rue DE LA RABINE;;83138;35830;BETTON;Betton;354493.2;6796396.0;EPSG:2154;48.17632035698209;-1.6508804172478202;Parfaite;Numéro de rue;340;COLLEGE;1;OUVERT;035;53;14;35024;Ille-et-Vilaine;Bretagne;Rennes;48.17632035698209, -1.6508804172478202;99;SANS OBJET;06;MINISTERE DE L'EDUCATION NATIONALE;1990-09-01
0353067U;Collège privé HC 1, 2, Tree School;COLLEGE PRIVE HORS-CONTRAT;1, 2, TREE SCHOOL BREAL-SOUS-MONTFORT;Privé;;Centre Les Bruyères;;35310;BREAL SOUS MONTFORT;Bréal-sous-Montfort;337604.6;6779964.9;EPSG:2154;48.01958190322999;-1.8640483488683353;Mauvaise;Ville;340;COLLEGE;1;OUVERT;035;53;14;35037;Ille-et-Vilaine;Bretagne;Rennes;48.01958190322999, -1.8640483488683353;10;HORS CONTRAT;06;MINISTERE DE L'EDUCATION NATIONALE;2022-06-07
0353083L;Collège privé Saint-Paul;COLLEGE PRIVE;SAINT-PAUL;Privé;22 avenue de la Mare-Duguesclin;;;35230;ST ERBLON;Saint-Erblon;352612.6;6779023.0;EPSG:2154;48.01926316797129;-1.6623443238792899;MANUEL;Numéro de rue;340;COLLEGE;3;A OUVRIR;035;53;14;35266;Ille-et-Vilaine;Bretagne;Rennes;48.01926316797129, -1.6623443238792899;30;CONTRAT D'ASSOCIATION TOUTES CLASSES;06;MINISTERE DE L'EDUCATION NATIONALE;2023-09-01
0350027P;Collège Les Gayeulles;COLLEGE;LES GAYEULLES;Public;140 boulevard DE VITRE;;80323;35703;RENNES CEDEX 7;Rennes;354229.1;6790740.5;EPSG:2154;48.12537928586194;-1.6499493581762867;Parfaite;Numéro de rue;340;COLLEGE;1;OUVERT;035;53;14;35238;Ille-et-Vilaine;Bretagne;Rennes;48.12537928586194, -1.6499493581762867;99;SANS OBJET;06;MINISTERE DE L'EDUCATION NATIONALE;1965-05-01
0350033W;Collège Les Ormeaux;COLLEGE;LES ORMEAUX;Public;30 rue DES ORMEAUX;;60818;35008;RENNES CEDEX;Rennes;352579.2;6787862.4;EPSG:2154;48.098650278359116;-1.6697994008226291;Parfaite;Numéro de rue;340;COLLEGE;1;OUVERT;035;53;14;35238;Ille-et-Vilaine;Bretagne;Rennes;48.098650278359116, -1.6697994008226291;99;SANS OBJET;06;MINISTERE DE L'EDUCATION NATIONALE;1965-05-01
0350039C;Collège Pierre de Dreux;COLLEGE;PIERRE DE DREUX;Public;28 rue du Stade;;30;35140;ST AUBIN DU CORMIER;Saint-Aubin-du-Cormier;373299.2;6804526.4;EPSG:2154;48.25905313802932;-1.4043693892032503;Parfaite;Numéro de rue;340;COLLEGE;1;OUVERT;035;53;14;35253;Ille-et-Vilaine;Bretagne;Rennes;48.25905313802932, -1.4043693892032503;99;SANS OBJET;06;MINISTERE DE L'EDUCATION NATIONALE;1965-05-01
0350052S;Collège Pierre Perrin;COLLEGE;PIERRE PERRIN;Public;7 rue de la Libération;TREMBLAY;;35460;VAL COUESNON;Val-Couesnon;369200.2;6823095.5;EPSG:2154;48.42378333707708;-1.47368028376312;Correcte;Numéro de rue;340;COLLEGE;1;OUVERT;035;53;14;35004;Ille-et-Vilaine;Bretagne;Rennes;48.42378333707708, -1.47368028376312;99;SANS OBJET;06;MINISTERE DE L'EDUCATION NATIONALE;1965-05-01
0350057X;Collège Jacques Prévert;COLLEGE;JACQUES PREVERT;Public;Rue RENE CUTTE;;3;35850;ROMILLE;Romillé;336697.4;6802236.8;EPSG:2154;48.219106849799665;-1.894700191160429;Parfaite;Numéro de rue;340;COLLEGE;1;OUVERT;035;53;14;35245;Ille-et-Vilaine;Bretagne;Rennes;48.219106849799665, -1.894700191160429;99;SANS OBJET;06;MINISTERE DE L'EDUCATION NATIONALE;1965-05-01
0350781J;Collège privé Notre-Dame du Vieux Cours;COLLEGE PRIVE;NOTRE DAME DU VIEUX COURS;Privé;11 rue de Plélo;;;35000;RENNES;Rennes;351967.5;6788763.1;EPSG:2154;48.106415392837775;-1.6787187617227946;Parfaite;Numéro de rue;340;COLLEGE;1;OUVERT;035;53;14;35238;Ille-et-Vilaine;Bretagne;Rennes;48.106415392837775, -1.6787187617227946;30;CONTRAT D'ASSOCIATION TOUTES CLASSES;06;MINISTERE DE L'EDUCATION NATIONALE;1968-03-12
0350839X;Collège privé Saint Hélier;COLLEGE PRIVE;SAINT-HELIER;Privé;7 rue FRERE SALOMON;;;35000;RENNES;Rennes;353304.8;6788329.9;EPSG:2154;48.10323527620077;-1.6604394705236643;Parfaite;Numéro de rue;340;COLLEGE;1;OUVERT;035;53;14;35238;Ille-et-Vilaine;Bretagne;Rennes;48.10323527620077, -1.6604394705236643;30;CONTRAT D'ASSOCIATION TOUTES CLASSES;06;MINISTERE DE L'EDUCATION NATIONALE;1968-03-28
0350866B;Collège privé Saint Joseph;COLLEGE PRIVE;ST JOSEPH;Privé;45 RUE PAUL PAINLEVE;;;35150;JANZE;Janzé;364847.2;6771585.9;EPSG:2154;47.958827024626494;-1.4928296304976225;Parfaite;Numéro de rue;340;COLLEGE;1;OUVERT;035;53;14;35136;Ille-et-Vilaine;Bretagne;Rennes;47.958827024626494, -1.4928296304976225;30;CONTRAT D'ASSOCIATION TOUTES CLASSES;06;MINISTERE DE L'EDUCATION NATIONALE;1968-03-28
0350872H;Collège privé Saint Louis-Marie;COLLEGE PRIVE;ST LOUIS-MARIE;Privé;11 boulevard Carnot;;36268;35162;MONTFORT SUR MEU CEDEX;Montfort-sur-Meu;331999.0;6793373.7;EPSG:2154;48.136877321632696;-1.950359482579078;Correcte;Numéro de rue;340;COLLEGE;1;OUVERT;035;53;14;35188;Ille-et-Vilaine;Bretagne;Rennes;48.136877321632696, -1.950359482579078;30;CONTRAT D'ASSOCIATION TOUTES CLASSES;06;MINISTERE DE L'EDUCATION NATIONALE;1968-03-28
0350875L;Collège privé Saint Joseph;COLLEGE PRIVE;ST JOSEPH;Privé;19 rue Pasteur;;;35550;PIPRIAC;Pipriac;329790.3;6756912.0;EPSG:2154;47.80814869523126;-1.949290412716371;Parfaite;Numéro de rue;340;COLLEGE;1;OUVERT;035;53;14;35219;Ille-et-Vilaine;Bretagne;Rennes;47.80814869523126, -1.949290412716371;30;CONTRAT D'ASSOCIATION TOUTES CLASSES;06;MINISTERE DE L'EDUCATION NATIONALE;1968-03-28
0350881T;Collège privé Saint Michel;COLLEGE PRIVE;ST MICHEL;Privé;6 rue des Ecoles;;;35250;ST AUBIN D AUBIGNE;Saint-Aubin-d'Aubigné;358128.3;6805735.2;EPSG:2154;48.262124933387824;-1.609389934646571;Parfaite;Numéro de rue;340;COLLEGE;1;OUVERT;035;53;14;35251;Ille-et-Vilaine;Bretagne;Rennes;48.262124933387824, -1.609389934646571;30;CONTRAT D'ASSOCIATION TOUTES CLASSES;06;MINISTERE DE L'EDUCATION NATIONALE;1968-03-28
0350885X;Collège privé Julien Maunoir;COLLEGE PRIVE;JULIEN MAUNOIR;Privé;6 RUE DE LA FIEFFE;;;35420;ST GEORGES DE REINTEMBAULT;Saint-Georges-de-Reintembault;386843.2;6831678.2;EPSG:2154;48.50963197731026;-1.2417795209150162;Parfaite;Numéro de rue;340;COLLEGE;1;OUVERT;035;53;14;35271;Ille-et-Vilaine;Bretagne;Rennes;48.50963197731026, -1.2417795209150162;30;CONTRAT D'ASSOCIATION TOUTES CLASSES;06;MINISTERE DE L'EDUCATION NATIONALE;1968-03-28
0350891D;Collège privé Saint Joseph - La Salle;COLLEGE PRIVE;ST JOSEPH - LA SALLE;Privé;2 rue St-Jean-Baptiste-de-la-Salle;;;35190;TINTENIAC;Tinténiac;342298.3;6813850.7;EPSG:2154;48.326505225326756;-1.8289867272679994;Parfaite;Numéro de rue;340;COLLEGE;1;OUVERT;035;53;14;35337;Ille-et-Vilaine;Bretagne;Rennes;48.326505225326756, -1.8289867272679994;30;CONTRAT D'ASSOCIATION TOUTES CLASSES;06;MINISTERE DE L'EDUCATION NATIONALE;1968-03-28
0350916F;Collège Duguay-Trouin;COLLEGE;DUGUAY-TROUIN;Public;5 rue HENRI LEMARIE;;;35400;ST MALO;Saint-Malo;333944.0;6851091.6;EPSG:2154;48.65621634852129;-1.9730994711418013;Parfaite;Numéro de rue;340;COLLEGE;1;OUVERT;035;53;14;35288;Ille-et-Vilaine;Bretagne;Rennes;48.65621634852129, -1.9730994711418013;99;SANS OBJET;06;MINISTERE DE L'EDUCATION NATIONALE;1969-03-18
0350963G;Collège des Hautes Ourmes;COLLEGE;DES HAUTES OURMES;Public;7 avenue DE POLOGNE;;80426;35204;RENNES CEDEX 2;Rennes;354034.3;6786754.2;EPSG:2154;48.08946765302947;-1.649410128522291;Parfaite;Numéro de rue;340;COLLEGE;1;OUVERT;035;53;14;35238;Ille-et-Vilaine;Bretagne;Rennes;48.08946765302947, -1.649410128522291;99;SANS OBJET;06;MINISTERE DE L'EDUCATION NATIONALE;1970-09-12
0350965J;Collège Le Landry;COLLEGE;LE LANDRY;Public;29  AVENUE DE CORK;;10713;35207;RENNES CEDEX 2;Rennes;354119.0;6787647.6;EPSG:2154;48.09753788927972;-1.6489805465114107;Correcte;Numéro de rue;340;COLLEGE;1;OUVERT;035;53;14;35238;Ille-et-Vilaine;Bretagne;Rennes;48.09753788927972, -1.6489805465114107;99;SANS OBJET;06;MINISTERE DE L'EDUCATION NATIONALE;1970-03-12
0350969N;Collège Bellevue;COLLEGE;BELLEVUE;Public;2 rue DE BELLEVUE;;80235;35602;REDON CEDEX;Redon;319179.2;6740634.0;EPSG:2154;47.655874021168884;-2.0767905322319713;Parfaite;Numéro de rue;340;COLLEGE;1;OUVERT;035;53;14;35236;Ille-et-Vilaine;Bretagne;Rennes;47.655874021168884, -2.0767905322319713;99;SANS OBJET;06;MINISTERE DE L'EDUCATION NATIONALE;1970-03-12
0351799R;Collège des Fontaines;COLLEGE;DES FONTAINES;Public;8 rue DU 14 JUILLET;;93066;35130;LA GUERCHE DE BRETAGNE;La Guerche-de-Bretagne;383997.2;6768251.6;EPSG:2154;47.93838483274646;-1.2342302484611762;Parfaite;Numéro de rue;340;COLLEGE;1;OUVERT;035;53;14;35125;Ille-et-Vilaine;Bretagne;Rennes;47.93838483274646, -1.2342302484611762;99;SANS OBJET;06;MINISTERE DE L'EDUCATION NATIONALE;1973-03-20
0352071L;Collège privé Joséphine-Bakhita;COLLEGE PRIVE;JOSEPHINE-BAKHITA;Privé;29 boulevard Emile-Combes;;;35000;RENNES;Rennes;352733.8;6787318.2;EPSG:2154;48.09384402862993;-1.6672943520074563;Parfaite;Numéro de rue;340;COLLEGE;1;OUVERT;035;53;14;35238;Ille-et-Vilaine;Bretagne;Rennes;48.09384402862993, -1.6672943520074563;30;CONTRAT D'ASSOCIATION TOUTES CLASSES;06;MINISTERE DE L'EDUCATION NATIONALE;1980-09-01
0352691K;Collège Andrée Récipon;COLLEGE;ANDREE RECIPON;Public;6 rue DE PONT-PEAN;;;35230;ORGERES;Orgères;352031.7;6777228.9;EPSG:2154;48.002837465005314;-1.6687005114684557;Parfaite;Numéro de rue;340;COLLEGE;1;OUVERT;035;53;14;35208;Ille-et-Vilaine;Bretagne;Rennes;48.002837465005314, -1.6687005114684557;99;SANS OBJET;06;MINISTERE DE L'EDUCATION NATIONALE;2005-09-01
0352894F;Collège privé HC Ste-Philomène;COLLEGE;STE PHILOMENE;Privé;Chemin DE LA FOUINARDIERE;;;35760;ST GREGOIRE;Saint-Grégoire;350481.0;6795183.1;EPSG:2154;48.16328843938766;-1.7037903805799988;Parfaite;Numéro de rue;340;COLLEGE;1;OUVERT;035;53;14;35278;Ille-et-Vilaine;Bretagne;Rennes;48.16328843938766, -1.7037903805799988;10;HORS CONTRAT;06;MINISTERE DE L'EDUCATION NATIONALE;2016-10-01
0352910Y;Ecole privée hors contrat HOLISKOL;EC PRIV HC CLG;HOLISKOL;Privé;49 rue DE RIAVAL;;;35000;RENNES;Rennes;352909.1;6787943.9;EPSG:2154;48.09955775593688;-1.6654400715441522;Parfaite;Numéro de rue;340;COLLEGE;1;OUVERT;035;53;14;35238;Ille-et-Vilaine;Bretagne;Rennes;48.09955775593688, -1.6654400715441522;10;HORS CONTRAT;06;MINISTERE DE L'EDUCATION NATIONALE;2017-11-01
0352925P;Ecole démocratique GRAINE DE SENS;ECOLE SECONDAIRE PRIVEE;GRAINE DE SENS;Privé;1 rue du Grand-Guéret;;;35290;MUEL;Muel;317052.2;6793572.6;EPSG:2154;48.13006647062335;-2.1510396972239945;Parfaite;Numéro de rue;340;COLLEGE;1;OUVERT;035;53;14;35201;Ille-et-Vilaine;Bretagne;Rennes;48.13006647062335, -2.1510396972239945;10;HORS CONTRAT;06;MINISTERE DE L'EDUCATION NATIONALE;2018-06-01
0352958A;Collège Françoise-Elie;COLLEGE;FRANCOISE ELIE;Public;8 rue de la Costardais;;;35310;BREAL SOUS MONTFORT;Bréal-sous-Montfort;338020.3;6782912.1;EPSG:2154;48.04628346107779;-1.8609149928539739;Correcte;Rue;340;COLLEGE;1;OUVERT;035;53;14;35037;Ille-et-Vilaine;Bretagne;Rennes;48.04628346107779, -1.8609149928539739;99;SANS OBJET;06;MINISTERE DE L'EDUCATION NATIONALE;2020-09-01
0352959B;Collège Marie-Curie;COLLEGE;MARIE CURIE;Public;2 esplanade Roger-Jouan;;;35890;LAILLE;Laillé;348517.9;6775127.3;EPSG:2154;47.98208062263773;-1.7140524721419692;Parfaite;Numéro de rue;340;COLLEGE;1;OUVERT;035;53;14;35139;Ille-et-Vilaine;Bretagne;Rennes;47.98208062263773, -1.7140524721419692;99;SANS OBJET;06;MINISTERE DE L'EDUCATION NATIONALE;2020-09-01
0350021H;Collège François Brune;COLLEGE;FRANCOIS BRUNE;Public;21 RUE DU MONT ST MICHEL;;;35610;PLEINE FOUGERES;Pleine-Fougères;363188.5;6835794.9;EPSG:2154;48.53474735841283;-1.564719784063516;Parfaite;Numéro de rue;340;COLLEGE;1;OUVERT;035;53;14;35222;Ille-et-Vilaine;Bretagne;Rennes;48.53474735841283, -1.564719784063516;99;SANS OBJET;06;MINISTERE DE L'EDUCATION NATIONALE;1965-05-01
0350760L;Collège Cleunay;COLLEGE;CLEUNAY;Public;26 rue ANDREE RECIPON;;;35000;RENNES;Rennes;349648.7;6788054.9;EPSG:2154;48.098814254968495;-1.709250420726049;Parfaite;Numéro de rue;340;COLLEGE;1;OUVERT;035;53;14;35238;Ille-et-Vilaine;Bretagne;Rennes;48.098814254968495, -1.709250420726049;99;SANS OBJET;06;MINISTERE DE L'EDUCATION NATIONALE;1968-04-01
0350770X;Collège privé Sainte Marie;COLLEGE PRIVE;STE MARIE;Privé;8 BOULEVARD DE LA CHESNARDIERE;;20464;35304;FOUGERES CEDEX;Fougères;389253.2;6813646.0;EPSG:2154;48.348796343496964;-1.1962296673217507;Correcte;Numéro de rue;340;COLLEGE;1;OUVERT;035;53;14;35115;Ille-et-Vilaine;Bretagne;Rennes;48.348796343496964, -1.1962296673217507;30;CONTRAT D'ASSOCIATION TOUTES CLASSES;06;MINISTERE DE L'EDUCATION NATIONALE;1968-03-12
0350780H;Collège privé Immaculée;COLLEGE PRIVE;IMMACULEE;Privé;2 rue Antoine de Saint-Exupéry;;96214;35762;ST GREGOIRE CEDEX;Saint-Grégoire;352552.6;6794685.8;EPSG:2154;48.159927985198166;-1.675580497757275;Parfaite;Numéro de rue;340;COLLEGE;1;OUVERT;035;53;14;35278;Ille-et-Vilaine;Bretagne;Rennes;48.159927985198166, -1.675580497757275;30;CONTRAT D'ASSOCIATION TOUTES CLASSES;06;MINISTERE DE L'EDUCATION NATIONALE;1968-03-12
0350836U;Collège privé Saint-Martin quartier Sainte Geneviève;COLLEGE PRIVE;ST MARTIN QUARTIER STE GENEVIEVE;Privé;14 D rue GINGUENE;;;35044;RENNES CEDEX;Rennes;351418.1;6787976.4;EPSG:2154;48.099055736554845;-1.6854604057056215;Correcte;Numéro de rue;340;COLLEGE;1;OUVERT;035;53;14;35238;Ille-et-Vilaine;Bretagne;Rennes;48.099055736554845, -1.6854604057056215;30;CONTRAT D'ASSOCIATION TOUTES CLASSES;06;MINISTERE DE L'EDUCATION NATIONALE;1968-03-28
0350853M;Collège privé Saint Joseph;COLLEGE PRIVE;ST JOSEPH;Privé;4 RUE DU HOCK;;4 BIS;35260;CANCALE;Cancale;343144.9;6852558.5;EPSG:2154;48.67452938898222;-1.849639975899824;Parfaite;Numéro de rue;340;COLLEGE;1;OUVERT;035;53;14;35049;Ille-et-Vilaine;Bretagne;Rennes;48.67452938898222, -1.849639975899824;30;CONTRAT D'ASSOCIATION TOUTES CLASSES;06;MINISTERE DE L'EDUCATION NATIONALE;1968-03-28
0350863Y;Collège privé Saint Joseph;COLLEGE PRIVE;ST JOSEPH;Privé;6 rue JEAN DE LA MENNAIS;;73091;35130;LA GUERCHE DE BRETAGNE;La Guerche-de-Bretagne;384645.8;6768480.4;EPSG:2154;47.94075348952326;-1.225719943719011;Parfaite;Numéro de rue;340;COLLEGE;1;OUVERT;035;53;14;35125;Ille-et-Vilaine;Bretagne;Rennes;47.94075348952326, -1.225719943719011;30;CONTRAT D'ASSOCIATION TOUTES CLASSES;06;MINISTERE DE L'EDUCATION NATIONALE;1968-03-28
0350870F;Collège privé La Providence;COLLEGE PRIVE;LA PROVIDENCE;Privé;21 rue DE RENNES;;36007;35360;MONTAUBAN DE BRETAGNE;Montauban-de-Bretagne;325409.0;6800667.1;EPSG:2154;48.19862222136569;-2.045029640651294;Parfaite;Numéro de rue;340;COLLEGE;1;OUVERT;035;53;14;35184;Ille-et-Vilaine;Bretagne;Rennes;48.19862222136569, -2.045029640651294;30;CONTRAT D'ASSOCIATION TOUTES CLASSES;06;MINISTERE DE L'EDUCATION NATIONALE;1968-03-28
0350874K;Collège privé Saint Yves;COLLEGE PRIVE;ST YVES;Privé;3 rue Jeanne d'Arc;;22;35310;MORDELLES;Mordelles;338875.5;6785922.6;EPSG:2154;48.073796023393825;-1.8519406433123715;Parfaite;Numéro de rue;340;COLLEGE;1;OUVERT;035;53;14;35196;Ille-et-Vilaine;Bretagne;Rennes;48.073796023393825, -1.8519406433123715;30;CONTRAT D'ASSOCIATION TOUTES CLASSES;06;MINISTERE DE L'EDUCATION NATIONALE;1968-03-28
0350877N;Collège privé Saint Joseph;COLLEGE PRIVE;ST JOSEPH;Privé;12 RUE CASIMIR PIGEON;;;35610;PLEINE FOUGERES;Pleine-Fougères;363071.0;6835898.3;EPSG:2154;48.53561487544822;-1.5663896338484005;Parfaite;Numéro de rue;340;COLLEGE;1;OUVERT;035;53;14;35222;Ille-et-Vilaine;Bretagne;Rennes;48.53561487544822, -1.5663896338484005;30;CONTRAT D'ASSOCIATION TOUTES CLASSES;06;MINISTERE DE L'EDUCATION NATIONALE;1968-03-28
0350878P;Collège privé de L'Hermine;COLLEGE PRIVE;DE L'HERMINE;Privé;22 rue DE L'HERMINE;;2;35380;PLELAN LE GRAND;Plélan-le-Grand;320062.3;6778808.5;EPSG:2154;47.999244604121536;-2.097860534769451;Parfaite;Numéro de rue;340;COLLEGE;1;OUVERT;035;53;14;35223;Ille-et-Vilaine;Bretagne;Rennes;47.999244604121536, -2.097860534769451;30;CONTRAT D'ASSOCIATION TOUTES CLASSES;06;MINISTERE DE L'EDUCATION NATIONALE;1968-03-28
0350883V;Collège privé Jeanne d'Arc;COLLEGE PRIVE;JEANNE D'ARC;Privé;26 rue DE FOUGERES;;37;35460;MAEN ROCH;Maen Roch;377214.5;6821074.0;EPSG:2154;48.40965812659731;-1.3640102532592797;Parfaite;Numéro de rue;340;COLLEGE;1;OUVERT;035;53;14;35257;Ille-et-Vilaine;Bretagne;Rennes;48.40965812659731, -1.3640102532592797;30;CONTRAT D'ASSOCIATION TOUTES CLASSES;06;MINISTERE DE L'EDUCATION NATIONALE;1968-03-28
0350895H;Collège Rosa Parks;COLLEGE;ROSA PARKS;Public;10  RUE DE GASCOGNE;;;35000;RENNES;Rennes;349393.7;6790562.5;EPSG:2154;48.121201797651814;-1.7146799912092223;Parfaite;Numéro de rue;340;COLLEGE;1;OUVERT;035;53;14;35238;Ille-et-Vilaine;Bretagne;Rennes;48.121201797651814, -1.7146799912092223;99;SANS OBJET;06;MINISTERE DE L'EDUCATION NATIONALE;1968-07-09
0350896J;Collège Jean Charcot;COLLEGE;JEAN CHARCOT;Public;28 rue LE POMELLEC;;;35400;ST MALO;Saint-Malo;330742.9;6849197.1;EPSG:2154;48.637389861767666;-2.01483963693606;Parfaite;Numéro de rue;340;COLLEGE;1;OUVERT;035;53;14;35288;Ille-et-Vilaine;Bretagne;Rennes;48.637389861767666, -2.01483963693606;99;SANS OBJET;06;MINISTERE DE L'EDUCATION NATIONALE;1968-07-09
0351785A;Collège privé Sainte Marie;COLLEGE PRIVE;STE MARIE;Privé;2 RUE DE LA MERIAIS;;90130;35501;VITRE CEDEX;Vitré;386751.0;6788528.9;EPSG:2154;48.1219226646868;-1.211880146274436;Parfaite;Numéro de rue;340;COLLEGE;1;OUVERT;035;53;14;35360;Ille-et-Vilaine;Bretagne;Rennes;48.1219226646868, -1.211880146274436;30;CONTRAT D'ASSOCIATION TOUTES CLASSES;06;MINISTERE DE L'EDUCATION NATIONALE;1972-09-25
0351847T;Collège Georges Brassens;COLLEGE;GEORGES BRASSENS;Public;Rue GEORGES BRASSENS;;45123;35651;LE RHEU CEDEX;Le Rheu;342922.4;6788555.3;EPSG:2154;48.099666673032004;-1.7998499599513993;Parfaite;Numéro de rue;340;COLLEGE;1;OUVERT;035;53;14;35240;Ille-et-Vilaine;Bretagne;Rennes;48.099666673032004, -1.7998499599513993;99;SANS OBJET;06;MINISTERE DE L'EDUCATION NATIONALE;1974-05-08
0351851X;Collège La Binquenais;COLLEGE;LA BINQUENAIS;Public;40 boulevard OSCAR LEROUX;;90302;35203;RENNES CEDEX 2;Rennes;353010.9;6786928.0;EPSG:2154;48.09048614864535;-1.6632694028595163;Parfaite;Numéro de rue;340;COLLEGE;1;OUVERT;035;53;14;35238;Ille-et-Vilaine;Bretagne;Rennes;48.09048614864535, -1.6632694028595163;99;SANS OBJET;06;MINISTERE DE L'EDUCATION NATIONALE;1974-05-08
0351852Y;Collège de Fontenay;COLLEGE;DE FONTENAY;Public;35 rue ANTOINE CHATEL;;97628;35176;CHARTRES DE BRETAGNE CEDEX;Chartres-de-Bretagne;350118.0;6781652.3;EPSG:2154;48.0415527618465;-1.6978431215445224;Parfaite;Numéro de rue;340;COLLEGE;1;OUVERT;035;53;14;35066;Ille-et-Vilaine;Bretagne;Rennes;48.0415527618465, -1.6978431215445224;99;SANS OBJET;06;MINISTERE DE L'EDUCATION NATIONALE;1974-05-08
0351882F;Collège La Roche Aux Fées;COLLEGE;LA ROCHE AUX FEES;Public;Rue Anatole Le Braz;;;35240;RETIERS;Retiers;372734.0;6766616.7;EPSG:2154;47.91816484911983;-1.3836301754592997;Parfaite;Numéro de rue;340;COLLEGE;1;OUVERT;035;53;14;35239;Ille-et-Vilaine;Bretagne;Rennes;47.91816484911983, -1.3836301754592997;99;SANS OBJET;06;MINISTERE DE L'EDUCATION NATIONALE;1975-04-01
0351909K;Collège Gérard de Nerval;COLLEGE;GERARD DE NERVAL;Public;35 rue du Collège;;50607;35506;VITRE CEDEX;Vitré;386510.6;6788212.7;EPSG:2154;48.11896604642633;-1.2148796543812153;Correcte;Numéro de rue;340;COLLEGE;1;OUVERT;035;53;14;35360;Ille-et-Vilaine;Bretagne;Rennes;48.11896604642633, -1.2148796543812153;99;SANS OBJET;06;MINISTERE DE L'EDUCATION NATIONALE;1976-02-20
0351997F;Collège privé Sainte Jeanne-d'Arc - La Salle;COLLEGE PRIVE;SAINTE-JEANNE-D'ARC LA SALLE;Privé;6 rue Jeanne d'Arc;;;35300;FOUGERES;Fougères;389296.5;6814300.9;EPSG:2154;48.354700811595464;-1.1961155682075912;Parfaite;Numéro de rue;340;COLLEGE;1;OUVERT;035;53;14;35115;Ille-et-Vilaine;Bretagne;Rennes;48.354700811595464, -1.1961155682075912;30;CONTRAT D'ASSOCIATION TOUTES CLASSES;06;MINISTERE DE L'EDUCATION NATIONALE;1977-11-08
0352008T;Collège Les Rochers Sévigné;COLLEGE;LES ROCHERS SEVIGNE;Public;1 allée PIERRE DE GENNES;;30614;35506;VITRE CEDEX;Vitré;387797.2;6787394.5;EPSG:2154;48.11223035171698;-1.197029727652748;Correcte;Numéro de rue;340;COLLEGE;1;OUVERT;035;53;14;35360;Ille-et-Vilaine;Bretagne;Rennes;48.11223035171698, -1.197029727652748;99;SANS OBJET;06;MINISTERE DE L'EDUCATION NATIONALE;1978-09-01
0352183H;Collège Mathurin Méheut;COLLEGE;MATHURIN MEHEUT;Public;8 place BELLEVUE;;22226;35520;MELESSE;Melesse;351007.6;6801192.9;EPSG:2154;48.217550623336045;-1.7015301621720638;Parfaite;Numéro de rue;340;COLLEGE;1;OUVERT;035;53;14;35173;Ille-et-Vilaine;Bretagne;Rennes;48.217550623336045, -1.7015301621720638;99;SANS OBJET;06;MINISTERE DE L'EDUCATION NATIONALE;1986-09-01
0352541X;Collège Théodore Monod;COLLEGE;THEODORE MONOD;Public;Chemin DE SEICHE;;67129;35771;VERN SUR SEICHE CEDEX;Vern-sur-Seiche;356621.5;6781395.0;EPSG:2154;48.04268888855317;-1.6105197686960293;Parfaite;Numéro de rue;340;COLLEGE;1;OUVERT;035;53;14;35352;Ille-et-Vilaine;Bretagne;Rennes;48.04268888855317, -1.6105197686960293;99;SANS OBJET;06;MINISTERE DE L'EDUCATION NATIONALE;2000-09-01
0352760K;Collège Germaine Tillion;COLLEGE;GERMAINE TILLION;Public;;BIARDEL;;35520;LA MEZIERE;La Mézière;347783.7;6800503.0;EPSG:2154;48.209620117558444;-1.7442999284505625;Parfaite;Lieu-dit;340;COLLEGE;1;OUVERT;035;53;14;35177;Ille-et-Vilaine;Bretagne;Rennes;48.209620117558444, -1.7442999284505625;99;SANS OBJET;06;MINISTERE DE L'EDUCATION NATIONALE;2008-09-01
0352921K;Ecole démocratique NOESIS;ECOLE SECONDAIRE PRIVEE;NOESIS;Privé;;Le Tertre Gérault;;35580;GUIGNEN;Guignen;339521.4;6767673.3;EPSG:2154;47.9102323393805;-1.8283103180893239;Parfaite;Rue;340;COLLEGE;1;OUVERT;035;53;14;35127;Ille-et-Vilaine;Bretagne;Rennes;47.9102323393805, -1.8283103180893239;10;HORS CONTRAT;06;MINISTERE DE L'EDUCATION NATIONALE;2018-06-01
0353039N;Collège privé HC Montessori Workshop St-Grégoire;COLLEGE PRIVE HORS CONTRAT;THE MONTESSORI WORKSHOP;Privé;5 parc de Brocéliande;;;35760;ST GREGOIRE;Saint-Grégoire;351604.1;6794856.4;EPSG:2154;48.16095460867549;-1.6884506253048734;Parfaite;Numéro de rue;340;COLLEGE;1;OUVERT;035;53;14;35278;Ille-et-Vilaine;Bretagne;Rennes;48.16095460867549, -1.6884506253048734;10;HORS CONTRAT;06;MINISTERE DE L'EDUCATION NATIONALE;2021-09-01
0350002M;Collège Pierre Brossolette;COLLEGE;PIERRE BROSSOLETTE;Public;18 rue THEODORE BOTREL;;17112;35171;BRUZ CEDEX;Bruz;346537.0;6779580.2;EPSG:2154;48.021013875335434;-1.7441403383784257;Parfaite;Numéro de rue;340;COLLEGE;1;OUVERT;035;53;14;35047;Ille-et-Vilaine;Bretagne;Rennes;48.021013875335434, -1.7441403383784257;99;SANS OBJET;06;MINISTERE DE L'EDUCATION NATIONALE;1965-05-01
0350003N;Collège René Cassin;COLLEGE;RENE CASSIN;Public;1 rue Pierre-de-Coubertin;;;35260;CANCALE;Cancale;342714.0;6853197.5;EPSG:2154;48.68002805208035;-1.8560145107913542;Correcte;Rue;340;COLLEGE;1;OUVERT;035;53;14;35049;Ille-et-Vilaine;Bretagne;Rennes;48.68002805208035, -1.8560145107913542;99;SANS OBJET;06;MINISTERE DE L'EDUCATION NATIONALE;1965-05-01
0350040D;Collège Angèle Vannier;COLLEGE;ANGELE VANNIER;Public;1 boulevard du Collège;;17;35460;MAEN ROCH;Maen Roch;376555.9;6821240.0;EPSG:2154;48.41082163358304;-1.3730204118520892;Parfaite;Rue;340;COLLEGE;1;OUVERT;035;53;14;35257;Ille-et-Vilaine;Bretagne;Rennes;48.41082163358304, -1.3730204118520892;99;SANS OBJET;06;MINISTERE DE L'EDUCATION NATIONALE;1965-05-01
0350041E;Collège de Roquebleue;COLLEGE;DE ROQUEBLEUE;Public;32  RUE JANVIER;;;35420;ST GEORGES DE REINTEMBAULT;Saint-Georges-de-Reintembault;386572.1;6831369.4;EPSG:2154;48.50672706811636;-1.245219903061233;Parfaite;Numéro de rue;340;COLLEGE;1;OUVERT;035;53;14;35271;Ille-et-Vilaine;Bretagne;Rennes;48.50672706811636, -1.245219903061233;99;SANS OBJET;06;MINISTERE DE L'EDUCATION NATIONALE;1965-05-01
0350044H;Collège Chateaubriand;COLLEGE;CHATEAUBRIAND;Public;26 boulevard VILLEBOIS MAREUIL;;88;35406;ST MALO CEDEX;Saint-Malo;331546.7;6850612.6;EPSG:2154;48.65055490209744;-2.005169458938391;Parfaite;Numéro de rue;340;COLLEGE;1;OUVERT;035;53;14;35288;Ille-et-Vilaine;Bretagne;Rennes;48.65055490209744, -2.005169458938391;99;SANS OBJET;06;MINISTERE DE L'EDUCATION NATIONALE;1965-05-01
0350708E;Collège Paul Féval;COLLEGE;PAUL FEVAL;Public;Route DE  DINAN;;65;35120;DOL DE BRETAGNE;Dol-de-Bretagne;348426.9;6837135.7;EPSG:2154;48.53894707804135;-1.7654001329716966;Parfaite;Numéro de rue;340;COLLEGE;1;OUVERT;035;53;14;35095;Ille-et-Vilaine;Bretagne;Rennes;48.53894707804135, -1.7654001329716966;99;SANS OBJET;06;MINISTERE DE L'EDUCATION NATIONALE;1966-11-08
0350762N;Collège Thérèse Pierre;COLLEGE;THERESE PIERRE;Public;26 bis rue DUGUAY-TROUIN;;10133;35301;FOUGERES CEDEX;Fougères;389378.9;6812856.8;EPSG:2154;48.34176600093982;-1.1939699404540158;Parfaite;Numéro de rue;340;COLLEGE;1;OUVERT;035;53;14;35115;Ille-et-Vilaine;Bretagne;Rennes;48.34176600093982, -1.1939699404540158;99;SANS OBJET;06;MINISTERE DE L'EDUCATION NATIONALE;1968-04-01
0350767U;Collège privé Saint Magloire;COLLEGE PRIVE;ST MAGLOIRE;Privé;2  RUE DU CHANOINE BOURSIER;;70;35120;DOL DE BRETAGNE;Dol-de-Bretagne;349294.3;6838458.7;EPSG:2154;48.5512967188306;-1.7547498952236305;Parfaite;Numéro de rue;340;COLLEGE;1;OUVERT;035;53;14;35095;Ille-et-Vilaine;Bretagne;Rennes;48.5512967188306, -1.7547498952236305;30;CONTRAT D'ASSOCIATION TOUTES CLASSES;06;MINISTERE DE L'EDUCATION NATIONALE;1968-03-12
0350773A;Collège privé Choisy;COLLEGE PRIVE;CHOISY;Privé;3 avenue DE LA BORDERIE;;32;35401;ST MALO CEDEX;Saint-Malo;333272.9;6851450.3;EPSG:2154;48.659056079339656;-1.982499712770811;Parfaite;Numéro de rue;340;COLLEGE;1;OUVERT;035;53;14;35288;Ille-et-Vilaine;Bretagne;Rennes;48.659056079339656, -1.982499712770811;30;CONTRAT D'ASSOCIATION TOUTES CLASSES;06;MINISTERE DE L'EDUCATION NATIONALE;1968-03-12
0350775C;Collège privé Le Cleu Saint Joseph;COLLEGE PRIVE;LE CLEU ST JOSEPH;Privé;22 rue ST MICHEL;;80306;35603;REDON CEDEX;Redon;318874.3;6740198.1;EPSG:2154;47.65178225046413;-2.080470634345486;Parfaite;Numéro de rue;340;COLLEGE;1;OUVERT;035;53;14;35236;Ille-et-Vilaine;Bretagne;Rennes;47.65178225046413, -2.080470634345486;30;CONTRAT D'ASSOCIATION TOUTES CLASSES;06;MINISTERE DE L'EDUCATION NATIONALE;1968-03-12
0350835T;Collège privé La Tour d'Auvergne La Salle;COLLEGE PRIVE;LA TOUR D'AUVERGNE LA SALLE;Privé;6 rue DE LA SANTE;;;35000;RENNES;Rennes;351457.9;6789048.0;EPSG:2154;48.10870279883151;-1.6857804410226962;Parfaite;Numéro de rue;340;COLLEGE;1;OUVERT;035;53;14;35238;Ille-et-Vilaine;Bretagne;Rennes;48.10870279883151, -1.6857804410226962;30;CONTRAT D'ASSOCIATION TOUTES CLASSES;06;MINISTERE DE L'EDUCATION NATIONALE;1968-03-28
0350848G;Collège privé Saint André;COLLEGE PRIVE;ST ANDRE;Privé;7 RUE ABBE JARRY;;;35560;VAL COUESNON;Val-Couesnon;368452.4;6827491.7;EPSG:2154;48.46288776357093;-1.4871465761621148;Correcte;Numéro de rue;340;COLLEGE;1;OUVERT;035;53;14;35004;Ille-et-Vilaine;Bretagne;Rennes;48.46288776357093, -1.4871465761621148;30;CONTRAT D'ASSOCIATION TOUTES CLASSES;06;MINISTERE DE L'EDUCATION NATIONALE;1968-03-28
0350851K;Collège privé Saint Joseph;COLLEGE PRIVE;ST JOSEPH;Privé;6  RUE DE L'HOTEL DE VILLE;;;35470;BAIN DE BRETAGNE;Bain-de-Bretagne;349972.8;6759585.2;EPSG:2154;47.843234178285904;-1.6822394639047937;Parfaite;Numéro de rue;340;COLLEGE;1;OUVERT;035;53;14;35012;Ille-et-Vilaine;Bretagne;Rennes;47.843234178285904, -1.6822394639047937;30;CONTRAT D'ASSOCIATION TOUTES CLASSES;06;MINISTERE DE L'EDUCATION NATIONALE;1968-03-28
0350854N;Collège privé Saint Joseph;COLLEGE PRIVE;ST JOSEPH;Privé;1 rue DU PRIEURE;;92147;35221;CHATEAUBOURG CEDEX;Châteaubourg;372334.3;6788127.0;EPSG:2154;48.111236712930705;-1.405029772324588;Parfaite;Numéro de rue;340;COLLEGE;1;OUVERT;035;53;14;35068;Ille-et-Vilaine;Bretagne;Rennes;48.111236712930705, -1.405029772324588;30;CONTRAT D'ASSOCIATION TOUTES CLASSES;06;MINISTERE DE L'EDUCATION NATIONALE;1958-09-01
0350887Z;Collège privé Notre-Dame;COLLEGE PRIVE;NOTRE DAME;Privé;10 RUE DE LA CHAPELLE;;58;35290;ST MEEN LE GRAND;Saint-Méen-le-Grand;314719.8;6800391.0;EPSG:2154;48.18991503661489;-2.1883405890972463;Parfaite;Numéro de rue;340;COLLEGE;1;OUVERT;035;53;14;35297;Ille-et-Vilaine;Bretagne;Rennes;48.18991503661489, -2.1883405890972463;30;CONTRAT D'ASSOCIATION TOUTES CLASSES;06;MINISTERE DE L'EDUCATION NATIONALE;1968-03-28
0350970P;Collège Le Chêne Vert;COLLEGE;LE CHENE VERT;Public;2 rue DU CHENE VERT;;37058;35470;BAIN DE BRETAGNE;Bain-de-Bretagne;349536.9;6759753.6;EPSG:2154;47.84451446598097;-1.6881903092642563;Parfaite;Numéro de rue;340;COLLEGE;1;OUVERT;035;53;14;35012;Ille-et-Vilaine;Bretagne;Rennes;47.84451446598097, -1.6881903092642563;99;SANS OBJET;06;MINISTERE DE L'EDUCATION NATIONALE;1970-03-12
0351638R;Collège Anne de Bretagne;COLLEGE;ANNE DE BRETAGNE;Public;15 rue MARTENOT;;;35069;RENNES CEDEX;Rennes;352513.2;6789494.0;EPSG:2154;48.11327142418572;-1.6719805345060357;Parfaite;Numéro de rue;340;COLLEGE;1;OUVERT;035;53;14;35238;Ille-et-Vilaine;Bretagne;Rennes;48.11327142418572, -1.6719805345060357;99;SANS OBJET;06;MINISTERE DE L'EDUCATION NATIONALE;1972-02-14
0351796M;Collège Emile Zola;COLLEGE;EMILE ZOLA;Public;Avenue JANVIER;;;35044;RENNES CEDEX;Rennes;352381.2;6788762.4;EPSG:2154;48.106629422819154;-1.6731696810760333;Moyenne;Rue;340;COLLEGE;1;OUVERT;035;53;14;35238;Ille-et-Vilaine;Bretagne;Rennes;48.106629422819154, -1.6731696810760333;99;SANS OBJET;06;MINISTERE DE L'EDUCATION NATIONALE;1973-03-20
0351849V;Collège Amand Brionne;COLLEGE;AMAND BRIONNE;Public;27  RUE DE RENNES;;95025;35250;ST AUBIN D AUBIGNE;Saint-Aubin-d'Aubigné;358469.5;6805443.1;EPSG:2154;48.25968023850401;-1.6045706314353363;Parfaite;Numéro de rue;340;COLLEGE;1;OUVERT;035;53;14;35251;Ille-et-Vilaine;Bretagne;Rennes;48.25968023850401, -1.6045706314353363;99;SANS OBJET;06;MINISTERE DE L'EDUCATION NATIONALE;1974-05-08
0351850W;Collège Camille Guérin;COLLEGE;CAMILLE GUERIN;Public;3 rue MAURICE;;41;35290;ST MEEN LE GRAND;Saint-Méen-le-Grand;314472.3;6800521.7;EPSG:2154;48.19094226128248;-2.191779488347398;Parfaite;Numéro de rue;340;COLLEGE;1;OUVERT;035;53;14;35297;Ille-et-Vilaine;Bretagne;Rennes;48.19094226128248, -2.191779488347398;99;SANS OBJET;06;MINISTERE DE L'EDUCATION NATIONALE;1974-05-08
0352030S;Collège Morvan Lebesque;COLLEGE;MORVAN LEBESQUE;Public;34 avenue BEAUSEJOUR;;116;35310;MORDELLES;Mordelles;339746.2;6785751.0;EPSG:2154;48.07273530878959;-1.840130398044565;Parfaite;Numéro de rue;340;COLLEGE;1;OUVERT;035;53;14;35196;Ille-et-Vilaine;Bretagne;Rennes;48.07273530878959, -1.840130398044565;99;SANS OBJET;06;MINISTERE DE L'EDUCATION NATIONALE;1979-09-01
0352069J;Collège privé Saint Vincent-Providence;COLLEGE PRIVE;ST VINCENT-PROVIDENCE;Privé;57 rue de Paris;;;35064;RENNES CEDEX;Rennes;353026.0;6789504.2;EPSG:2154;48.11363570912166;-1.6651100452186143;Parfaite;Numéro de rue;340;COLLEGE;1;OUVERT;035;53;14;35238;Ille-et-Vilaine;Bretagne;Rennes;48.11363570912166, -1.6651100452186143;30;CONTRAT D'ASSOCIATION TOUTES CLASSES;06;MINISTERE DE L'EDUCATION NATIONALE;1980-09-01
0352070K;Collège privé Assomption;COLLEGE PRIVE;ASSOMPTION;Privé;18 boulevard PAUL PAINLEVE;;;35706;RENNES CEDEX 7;Rennes;353543.2;6790447.0;EPSG:2154;48.122379250771374;-1.6589194034352441;Correcte;Numéro de rue;340;COLLEGE;1;OUVERT;035;53;14;35238;Ille-et-Vilaine;Bretagne;Rennes;48.122379250771374, -1.6589194034352441;30;CONTRAT D'ASSOCIATION TOUTES CLASSES;06;MINISTERE DE L'EDUCATION NATIONALE;1980-09-01
0352247C;Collège Evariste Galois;COLLEGE;EVARISTE GALOIS;Public;9 rue Jean-Zay;;76056;35360;MONTAUBAN DE BRETAGNE;Montauban-de-Bretagne;324627.2;6800707.4;EPSG:2154;48.19853448408114;-2.055564984485267;Correcte;Numéro de rue;340;COLLEGE;1;OUVERT;035;53;14;35184;Ille-et-Vilaine;Bretagne;Rennes;48.19853448408114, -2.055564984485267;99;SANS OBJET;06;MINISTERE DE L'EDUCATION NATIONALE;1989-09-01
0352248D;Collège Victor Ségalen;COLLEGE;VICTOR SEGALEN;Public;34 rue Jules Ferry;;;35410;CHATEAUGIRON;Châteaugiron;365056.9;6780955.1;EPSG:2154;48.04311219255292;-1.4971700484694253;Parfaite;Numéro de rue;340;COLLEGE;1;OUVERT;035;53;14;35069;Ille-et-Vilaine;Bretagne;Rennes;48.04311219255292, -1.4971700484694253;99;SANS OBJET;06;MINISTERE DE L'EDUCATION NATIONALE;1989-09-01
0352860U;Collège Simone Veil;COLLEGE;SIMONE VEIL;Public;2 rue BERNARD PICOULT;;;35320;CREVIN;Crevin;351636.7;6769860.9;EPSG:2154;47.936436597389175;-1.6681504358840873;Parfaite;Numéro de rue;340;COLLEGE;1;OUVERT;035;53;14;35090;Ille-et-Vilaine;Bretagne;Rennes;47.936436597389175, -1.6681504358840873;99;SANS OBJET;06;MINISTERE DE L'EDUCATION NATIONALE;2014-09-01
0352957Z;Collège Gaël-Taburet;COLLEGE;GAEL TABURET;Public;;La Roche des Bouillons;;35480;GUIPRY MESSAC;Guipry-Messac;340468.1;6758106.8;EPSG:2154;47.82481520668784;-1.8078692161585905;Mauvaise;Ville;340;COLLEGE;1;OUVERT;035;53;14;35176;Ille-et-Vilaine;Bretagne;Rennes;47.82481520668784, -1.8078692161585905;99;SANS OBJET;06;MINISTERE DE L'EDUCATION NATIONALE;2020-06-01
0352972R;Collège privé Saint-Louis;COLLEGE PRIVE;SAINT-LOUIS CESSON-SEVIGNE;Privé;Avenue de la Hublais;Domaine de la Hublais;;35510;CESSON SEVIGNE;Cesson-Sévigné;356658.3;6789759.7;EPSG:2154;48.1178507231933;-1.6165857137560533;Correcte;Rue;340;COLLEGE;1;OUVERT;035;53;14;35051;Ille-et-Vilaine;Bretagne;Rennes;48.1178507231933, -1.6165857137560533;30;CONTRAT D'ASSOCIATION TOUTES CLASSES;06;MINISTERE DE L'EDUCATION NATIONALE;2020-09-01
0353036K;Collège privé Sainte-Marie;COLLEGE PRIVE;SAINTE-MARIE;Privé;1 rue du Collège;ZA L'Hermitage;;35780;LA RICHARDAIS;La Richardais;328059.8;6845848.8;EPSG:2154;48.60579607809361;-2.0482763681865332;Parfaite;Numéro de rue;340;COLLEGE;1;OUVERT;035;53;14;35241;Ille-et-Vilaine;Bretagne;Rennes;48.60579607809361, -2.0482763681865332;30;CONTRAT D'ASSOCIATION TOUTES CLASSES;06;MINISTERE DE L'EDUCATION NATIONALE;2021-09-01
